email,password,last_name,first_name,Full_name,Country,Address,City,Zip_code,Province,phone,card_number,cvc,card_expiry,gender,language,fan,matches,category,quantity
ryanhill4801@outlook.com,c&Pg67TEWXGJ,Wright,Emma,Emma Wright,USA,5404 Valley Rd,Houston,77049,texas,8475896143,4288670009084877,821,10/30,Male,english,USA,,,
larryharris1205@outlook.com,ly11Xi8vPb%a,Davis,Hannah,Hannah Davis,USA,2836 Meadow Ln,Houston,76138,texas,8472355559,4288670001365068,774,10/30,Male,english,USA,,,
andrewgreen2557@outlook.com,ckIhpDG6#Qkd,Thompson,Sophia,Sophia Thompson,USA,6503 Sunset Blvd,Denver,43239,texas,8475520400,4288670004136961,574,10/30,Male,english,USA,,,
jennifernguyen6393@outlook.com,qilLPt1@hu0R,Young,Sophia,Sophia Young,USA,4015 College Ave,Miami,77048,texas,8471035227,4288670003211153,859,10/30,Male,english,USA,,,
pamelanguyen6802@outlook.com,UeWUI5*EreZ8,Hill,Layla,Layla Hill,USA,2749 Park Ave,Columbus,33119,texas,8473040865,4288670004939349,215,10/30,Male,english,USA,,,