email,password,last_name,first_name,full_name,country,address,city,zip_code,province,phone,card_number,cvc,card_expiry,gender,language
lydia.saundersipfs.0528@gmail.com,NicketsFootbol24#,Saunders,Lydia,Lydia Saunders,USA,123 Main St,Washington,20001,DC,2025551234,4896830156100850,371,1/29,Male,English
jillia.nmossvvml4218@gmail.com,NicketsFootbol24#,Moss,Jillian,Jillian Moss,USA,81 27th St SE #304,Washington,20020,DC,7622626606,4896830156100850,371,1/29,Male,English
test3@gmail.com,NicketsFootbol24#,Test,User3,User3 Test,USA,456 Oak Ave,New York,10001,NY,2125559876,4896830156100850,371,1/29,Male,English
test4@gmail.com,NicketsFootbol24#,Test,User4,User4 Test,USA,789 Pine Blvd,Los Angeles,90001,CA,3105554321,4896830156100850,371,1/29,Male,English
